name,value
Wp,0.5499999999999998
Lp,0.15000000000000002
Wn,0.8399999999999996
Ln,0.15000000000000002
Wax,0.42000000000000015
Wrd,0.41999999999999993
Lrd,0.9672905631900416
