{
  "n_samples": 200,
  "sigma": 4.5,
  "i_read_mean": 28.868734500000006,
  "i_read_std": 0.30986400042558937,
  "i_read_worst": 27.474346498084852,
  "i_leak_mean": 0.0018893939499999997,
  "i_leak_std": 2.65607452785125e-06,
  "i_leak_worst": 0.0019013462853753303,
  "snm_mean": 556.7718438208227,
  "snm_std": 0.9322838051053324,
  "snm_worst": 552.5765666978488,
  "on_off_worst": 14449943.552844899,
  "t_read_worst": 0.5
}