name,value
Cu,10.698912444583742
Lcomp_in,1.8800785871331773
Lcomp_latch,0.3086746115816407
Tsar_ns,12.15938343550932
Wcomp_in,10.79792180491474
Wcomp_latch,2.0278161055528923
Wcomp_tail,5.014177426679211
